age,id,name,sal
58,0,rajesh,8765432
32,1,ashok,8765432
52,2,pavan,3456
30,3,jay,3456
43,4,pavan,54321
31,5,ashok,3456
48,6,rajesh,54321
55,7,jay,2345678
27,8,anil,56789
41,9,pavan,2345678
32,10,akhil,2345678
51,11,jay,34567
38,12,akhil,3456
30,13,pavan,56789
37,14,jay,3456
48,15,pavan,54321
34,16,pavan,3456
56,17,jay,23456
50,18,anil,3456
57,19,ashok,23456
37,20,anil,765432134
43,21,jay,765432134
30,22,rajesh,765432134
37,23,rajesh,34567
57,24,jay,34567
42,25,anil,56789
54,26,anil,34567
49,27,jay,3456
58,28,ashok,23456
28,29,rajesh,2345678
23,30,ashok,56789
32,31,jay,3456
39,32,jay,23456
50,33,rajesh,765432134
48,34,akhil,2345678
31,35,jay,34567
59,36,anil,123456
26,37,pavan,3456
35,38,akhil,8765432
35,39,jay,34567
26,40,jay,56789
48,41,rajesh,34567
49,42,akhil,54321
34,43,pavan,8765432
45,44,akhil,123456
25,45,ashok,23456
24,46,rajesh,34567
39,47,ashok,8765432
27,48,ashok,3456
45,49,akhil,56789
58,50,pavan,54321
55,51,jay,2345678
46,52,akhil,56789
29,53,anil,23456
47,54,jay,34567
56,55,anil,8765432
57,56,ashok,23456
40,57,anil,56789
55,58,anil,34567
24,59,ashok,34567
23,60,pavan,123456
37,61,jay,23456
40,62,anil,34567
33,63,pavan,3456
50,64,pavan,8765432
25,65,pavan,3456
40,66,pavan,54321
53,67,akhil,2345678
47,68,pavan,34567
57,69,ashok,54321
41,70,ashok,765432134
31,71,pavan,3456
31,72,ashok,34567
43,73,akhil,8765432
27,74,akhil,3456
31,75,jay,123456
26,76,pavan,34567
56,77,akhil,34567
57,78,anil,54321
33,79,akhil,23456
31,80,pavan,8765432
37,81,anil,3456
39,82,ashok,8765432
43,83,rajesh,2345678
45,84,ashok,54321
32,85,ashok,56789
35,86,rajesh,3456
46,87,anil,34567
52,88,jay,34567
31,89,pavan,34567
36,90,anil,54321
32,91,ashok,3456
40,92,rajesh,3456
32,93,rajesh,2345678
31,94,akhil,54321
37,95,pavan,23456
52,96,pavan,2345678
35,97,anil,34567
53,98,rajesh,8765432
54,99,rajesh,23456
34,100,akhil,56789
30,101,jay,54321
56,102,anil,56789
24,103,rajesh,2345678
41,104,jay,123456
36,105,ashok,765432134
35,106,rajesh,8765432
24,107,anil,765432134
30,108,rajesh,56789
35,109,akhil,765432134
38,110,rajesh,765432134
39,111,ashok,34567
24,112,ashok,34567
51,113,akhil,2345678
34,114,ashok,54321
57,115,rajesh,765432134
54,116,rajesh,123456
25,117,anil,34567
50,118,ashok,2345678
59,119,jay,765432134
29,120,anil,34567
46,121,anil,3456
56,122,anil,8765432
56,123,rajesh,23456
47,124,ashok,3456
43,125,akhil,3456
42,126,jay,23456
44,127,akhil,3456
26,128,anil,34567
59,129,anil,3456
55,130,ashok,54321
44,131,pavan,8765432
34,132,anil,56789
31,133,rajesh,3456
33,134,pavan,54321
42,135,jay,123456
39,136,ashok,54321
45,137,rajesh,3456
57,138,pavan,56789
23,139,pavan,34567
53,140,jay,54321
34,141,akhil,8765432
46,142,ashok,34567
24,143,jay,34567
42,144,jay,8765432
35,145,akhil,3456
53,146,rajesh,34567
44,147,akhil,2345678
58,148,akhil,23456
58,149,akhil,23456
58,150,akhil,34567
42,151,rajesh,3456
28,152,anil,56789
41,153,rajesh,56789
37,154,ashok,2345678
49,155,ashok,3456
33,156,pavan,3456
54,157,akhil,765432134
28,158,anil,2345678
52,159,anil,3456
44,160,rajesh,56789
38,161,pavan,56789
41,162,jay,2345678
35,163,ashok,123456
50,164,anil,56789
23,165,jay,3456
52,166,pavan,56789
37,167,rajesh,8765432
41,168,anil,54321
29,169,anil,8765432
40,170,pavan,23456
23,171,rajesh,2345678
43,172,pavan,3456
38,173,akhil,2345678
25,174,jay,123456
29,175,anil,3456
31,176,akhil,23456
54,177,ashok,765432134
46,178,anil,34567
41,179,rajesh,2345678
50,180,rajesh,34567
36,181,rajesh,56789
34,182,rajesh,8765432
55,183,rajesh,34567
29,184,anil,3456
38,185,rajesh,34567
39,186,rajesh,765432134
28,187,rajesh,123456
38,188,jay,23456
28,189,akhil,2345678
47,190,pavan,765432134
58,191,anil,2345678
24,192,pavan,54321
42,193,ashok,56789
54,194,akhil,54321
24,195,jay,54321
57,196,akhil,123456
58,197,jay,2345678
24,198,pavan,123456
57,199,rajesh,123456
34,200,anil,34567
23,201,rajesh,3456
57,202,ashok,34567
39,203,pavan,2345678
46,204,jay,2345678
46,205,ashok,3456
34,206,rajesh,23456
57,207,rajesh,23456
31,208,rajesh,3456
59,209,ashok,34567
55,210,rajesh,765432134
37,211,ashok,765432134
32,212,pavan,34567
56,213,jay,2345678
50,214,jay,3456
46,215,rajesh,123456
52,216,anil,23456
26,217,rajesh,765432134
49,218,anil,8765432
51,219,pavan,3456
25,220,pavan,23456
35,221,ashok,2345678
56,222,rajesh,2345678
50,223,pavan,54321
39,224,rajesh,56789
57,225,akhil,56789
30,226,rajesh,8765432
44,227,jay,54321
30,228,anil,54321
58,229,jay,123456
44,230,anil,3456
59,231,jay,8765432
56,232,jay,8765432
39,233,akhil,34567
56,234,jay,2345678
29,235,anil,8765432
57,236,akhil,54321
52,237,ashok,123456
46,238,jay,34567
40,239,rajesh,56789
24,240,ashok,8765432
30,241,ashok,765432134
31,242,akhil,56789
55,243,rajesh,8765432
47,244,anil,54321
45,245,pavan,34567
44,246,ashok,34567
46,247,anil,34567
52,248,pavan,56789
38,249,jay,3456
24,250,pavan,123456
34,251,pavan,34567
36,252,jay,54321
51,253,ashok,34567
40,254,rajesh,3456
44,255,pavan,3456
44,256,rajesh,765432134
45,257,pavan,765432134
34,258,ashok,34567
58,259,pavan,8765432
48,260,pavan,34567
40,261,ashok,2345678
29,262,rajesh,123456
56,263,pavan,2345678
24,264,anil,765432134
55,265,akhil,3456
44,266,ashok,56789
53,267,pavan,123456
23,268,akhil,23456
23,269,pavan,54321
30,270,akhil,54321
35,271,rajesh,8765432
36,272,rajesh,3456
52,273,jay,34567
25,274,akhil,765432134
26,275,jay,56789
30,276,jay,765432134
45,277,akhil,3456
34,278,jay,54321
36,279,pavan,3456
30,280,pavan,123456
35,281,pavan,3456
33,282,rajesh,765432134
41,283,akhil,8765432
35,284,ashok,2345678
59,285,akhil,3456
53,286,rajesh,2345678
40,287,pavan,34567
29,288,rajesh,23456
58,289,pavan,8765432
36,290,rajesh,3456
25,291,anil,3456
59,292,jay,34567
32,293,akhil,3456
38,294,ashok,123456
49,295,pavan,54321
27,296,pavan,765432134
53,297,akhil,34567
49,298,pavan,8765432
28,299,pavan,765432134
26,300,anil,56789
58,301,akhil,56789
33,302,akhil,23456
40,303,anil,123456
35,304,jay,3456
51,305,jay,23456
37,306,jay,2345678
48,307,rajesh,34567
34,308,ashok,3456
44,309,pavan,56789
35,310,pavan,123456
35,311,jay,8765432
47,312,anil,56789
57,313,pavan,23456
30,314,ashok,765432134
56,315,anil,3456
23,316,anil,8765432
45,317,rajesh,54321
56,318,jay,34567
51,319,ashok,23456
43,320,anil,3456
27,321,rajesh,34567
41,322,rajesh,3456
32,323,anil,34567
59,324,pavan,34567
48,325,akhil,34567
34,326,pavan,54321
54,327,rajesh,123456
33,328,jay,34567
47,329,ashok,34567
26,330,rajesh,34567
32,331,pavan,8765432
58,332,akhil,34567
33,333,pavan,8765432
51,334,rajesh,3456
26,335,pavan,8765432
50,336,jay,2345678
37,337,akhil,54321
32,338,rajesh,56789
53,339,ashok,2345678
56,340,anil,3456
57,341,ashok,3456
33,342,jay,8765432
57,343,ashok,3456
26,344,pavan,765432134
58,345,pavan,8765432
24,346,jay,34567
43,347,jay,23456
33,348,pavan,123456
55,349,pavan,54321
47,350,pavan,54321
33,351,jay,765432134
47,352,pavan,2345678
24,353,pavan,8765432
44,354,ashok,123456
57,355,pavan,123456
23,356,anil,8765432
36,357,pavan,765432134
59,358,akhil,2345678
58,359,ashok,123456
46,360,anil,23456
40,361,pavan,2345678
24,362,rajesh,34567
45,363,rajesh,23456
26,364,pavan,3456
23,365,ashok,3456
32,366,ashok,34567
29,367,jay,765432134
43,368,akhil,34567
55,369,jay,34567
25,370,anil,34567
45,371,ashok,8765432
26,372,jay,3456
53,373,rajesh,2345678
31,374,akhil,765432134
29,375,pavan,54321
55,376,jay,3456
29,377,rajesh,54321
23,378,ashok,3456
43,379,ashok,2345678
37,380,akhil,123456
27,381,anil,3456
38,382,pavan,765432134
47,383,pavan,56789
57,384,jay,3456
45,385,akhil,56789
37,386,akhil,3456
49,387,rajesh,23456
32,388,ashok,56789
26,389,pavan,3456
50,390,ashok,765432134
39,391,anil,34567
47,392,rajesh,34567
30,393,rajesh,123456
37,394,rajesh,56789
30,395,ashok,3456
29,396,anil,34567
42,397,akhil,8765432
39,398,jay,23456
55,399,akhil,56789
58,400,pavan,3456
26,401,ashok,23456
23,402,jay,34567
31,403,anil,54321
51,404,jay,2345678
42,405,rajesh,34567
48,406,akhil,34567
29,407,ashok,54321
35,408,akhil,54321
46,409,jay,34567
27,410,pavan,23456
35,411,anil,765432134
24,412,anil,8765432
37,413,rajesh,34567
57,414,ashok,3456
48,415,pavan,2345678
39,416,rajesh,765432134
37,417,ashok,3456
28,418,anil,765432134
44,419,pavan,2345678
44,420,ashok,34567
51,421,ashok,123456
45,422,rajesh,8765432
51,423,pavan,34567
54,424,akhil,123456
54,425,ashok,34567
39,426,jay,23456
24,427,rajesh,8765432
35,428,anil,56789
43,429,akhil,34567
57,430,akhil,123456
41,431,jay,34567
48,432,akhil,34567
53,433,pavan,54321
23,434,pavan,34567
59,435,jay,3456
42,436,rajesh,56789
57,437,ashok,765432134
53,438,rajesh,123456
46,439,ashok,123456
24,440,pavan,3456
59,441,akhil,3456
33,442,ashok,3456
38,443,jay,2345678
37,444,pavan,3456
25,445,pavan,54321
23,446,rajesh,56789
53,447,akhil,8765432
50,448,akhil,123456
34,449,rajesh,3456
47,450,pavan,56789
23,451,ashok,2345678
54,452,rajesh,3456
44,453,rajesh,3456
33,454,ashok,765432134
46,455,ashok,8765432
49,456,jay,123456
23,457,ashok,8765432
36,458,ashok,765432134
40,459,anil,3456
55,460,jay,34567
23,461,anil,765432134
54,462,anil,2345678
23,463,ashok,3456
45,464,anil,123456
41,465,akhil,3456
36,466,rajesh,3456
29,467,akhil,23456
34,468,akhil,34567
55,469,rajesh,8765432
53,470,pavan,54321
58,471,rajesh,8765432
28,472,ashok,765432134
56,473,ashok,8765432
51,474,anil,34567
27,475,anil,3456
52,476,ashok,8765432
53,477,anil,3456
59,478,anil,2345678
54,479,rajesh,123456
40,480,akhil,56789
35,481,anil,123456
25,482,anil,34567
46,483,pavan,3456
48,484,akhil,765432134
44,485,pavan,3456
47,486,pavan,3456
42,487,ashok,2345678
30,488,anil,54321
59,489,akhil,56789
36,490,rajesh,3456
35,491,akhil,56789
30,492,pavan,123456
51,493,anil,34567
53,494,jay,34567
34,495,pavan,3456
48,496,rajesh,765432134
48,497,jay,123456
57,498,pavan,56789
44,499,ashok,34567
30,500,anil,123456
29,501,jay,56789
44,502,akhil,23456
45,503,jay,3456
37,504,akhil,123456
29,505,ashok,123456
39,506,anil,2345678
41,507,anil,2345678
35,508,pavan,56789
28,509,anil,765432134
57,510,ashok,8765432
49,511,akhil,123456
36,512,rajesh,56789
42,513,pavan,765432134
25,514,jay,23456
26,515,ashok,34567
26,516,jay,34567
40,517,ashok,765432134
51,518,akhil,3456
23,519,pavan,54321
53,520,pavan,23456
31,521,jay,765432134
59,522,ashok,34567
58,523,jay,8765432
31,524,anil,34567
41,525,jay,3456
45,526,anil,3456
44,527,rajesh,2345678
43,528,anil,2345678
43,529,jay,54321
47,530,rajesh,54321
48,531,jay,3456
34,532,jay,8765432
57,533,akhil,765432134
49,534,anil,123456
45,535,akhil,56789
39,536,pavan,8765432
29,537,ashok,23456
58,538,akhil,3456
52,539,ashok,765432134
26,540,ashok,34567
25,541,akhil,8765432
55,542,ashok,3456
23,543,ashok,34567
50,544,anil,3456
42,545,anil,34567
57,546,akhil,2345678
44,547,ashok,34567
28,548,ashok,123456
24,549,pavan,54321
49,550,pavan,765432134
54,551,pavan,3456
37,552,ashok,56789
25,553,ashok,3456
47,554,akhil,3456
59,555,akhil,123456
59,556,pavan,34567
36,557,pavan,765432134
34,558,pavan,54321
55,559,jay,3456
43,560,rajesh,56789
32,561,pavan,23456
29,562,akhil,54321
35,563,jay,34567
55,564,rajesh,2345678
27,565,jay,2345678
46,566,jay,765432134
40,567,akhil,34567
51,568,pavan,23456
33,569,ashok,34567
25,570,akhil,34567
53,571,jay,23456
43,572,akhil,54321
55,573,ashok,3456
29,574,anil,123456
57,575,ashok,8765432
42,576,pavan,765432134
33,577,anil,34567
50,578,rajesh,3456
25,579,anil,34567
31,580,jay,34567
59,581,pavan,23456
43,582,rajesh,2345678
43,583,anil,56789
40,584,pavan,34567
46,585,akhil,3456
46,586,rajesh,3456
50,587,akhil,34567
34,588,rajesh,765432134
51,589,rajesh,34567
44,590,jay,34567
35,591,anil,765432134
31,592,rajesh,23456
49,593,akhil,54321
32,594,ashok,123456
33,595,jay,3456
50,596,ashok,54321
43,597,pavan,123456
33,598,ashok,56789
46,599,anil,3456
30,600,anil,765432134
45,601,rajesh,56789
48,602,jay,3456
32,603,jay,34567
37,604,pavan,54321
53,605,rajesh,123456
43,606,jay,34567
30,607,anil,3456
52,608,anil,765432134
50,609,anil,54321
26,610,jay,34567
52,611,jay,34567
27,612,pavan,3456
27,613,ashok,8765432
54,614,jay,2345678
49,615,ashok,54321
52,616,akhil,8765432
42,617,pavan,8765432
48,618,pavan,2345678
44,619,pavan,23456
55,620,ashok,3456
58,621,pavan,34567
53,622,pavan,8765432
56,623,ashok,3456
48,624,jay,3456
58,625,akhil,34567
25,626,anil,123456
32,627,anil,56789
56,628,anil,56789
34,629,akhil,3456
53,630,anil,23456
40,631,pavan,3456
25,632,jay,123456
27,633,rajesh,34567
39,634,anil,34567
42,635,akhil,3456
53,636,rajesh,56789
47,637,ashok,34567
26,638,rajesh,54321
40,639,pavan,3456
40,640,akhil,34567
52,641,jay,54321
34,642,ashok,34567
44,643,jay,34567
53,644,rajesh,23456
44,645,akhil,765432134
51,646,akhil,34567
56,647,pavan,123456
30,648,akhil,123456
40,649,jay,56789
48,650,pavan,54321
29,651,anil,23456
28,652,jay,765432134
56,653,rajesh,54321
36,654,ashok,123456
30,655,jay,54321
57,656,ashok,56789
56,657,ashok,34567
49,658,akhil,56789
38,659,rajesh,34567
36,660,jay,23456
55,661,akhil,23456
51,662,akhil,3456
36,663,anil,8765432
39,664,pavan,34567
27,665,akhil,3456
58,666,rajesh,23456
56,667,rajesh,3456
45,668,jay,34567
25,669,jay,2345678
57,670,akhil,34567
44,671,anil,765432134
48,672,pavan,54321
37,673,akhil,23456
50,674,pavan,8765432
36,675,anil,34567
24,676,jay,2345678
55,677,anil,8765432
57,678,jay,34567
41,679,jay,8765432
33,680,anil,34567
44,681,anil,3456
33,682,jay,34567
54,683,rajesh,8765432
24,684,jay,123456
23,685,akhil,34567
55,686,anil,123456
35,687,akhil,34567
38,688,rajesh,23456
49,689,ashok,2345678
45,690,jay,34567
25,691,rajesh,54321
46,692,ashok,2345678
40,693,jay,123456
27,694,pavan,8765432
58,695,jay,34567
48,696,akhil,8765432
31,697,jay,8765432
35,698,jay,8765432
36,699,anil,3456
41,700,pavan,23456
45,701,jay,3456
31,702,pavan,34567
34,703,pavan,23456
46,704,jay,34567
46,705,akhil,3456
58,706,pavan,23456
53,707,pavan,123456
29,708,akhil,3456
47,709,jay,2345678
47,710,ashok,34567
29,711,ashok,54321
44,712,jay,34567
35,713,rajesh,123456
41,714,anil,23456
27,715,akhil,2345678
46,716,rajesh,2345678
42,717,akhil,765432134
28,718,jay,8765432
58,719,akhil,56789
28,720,pavan,56789
29,721,ashok,56789
25,722,pavan,56789
53,723,pavan,23456
52,724,ashok,56789
40,725,rajesh,3456
53,726,rajesh,54321
32,727,rajesh,34567
43,728,anil,23456
23,729,ashok,8765432
48,730,rajesh,54321
25,731,rajesh,54321
45,732,akhil,765432134
41,733,jay,2345678
23,734,ashok,34567
33,735,anil,23456
26,736,anil,2345678
39,737,rajesh,765432134
52,738,pavan,54321
53,739,rajesh,56789
55,740,ashok,123456
33,741,rajesh,765432134
32,742,rajesh,54321
47,743,anil,765432134
48,744,rajesh,56789
37,745,anil,8765432
44,746,rajesh,765432134
36,747,pavan,2345678
35,748,pavan,3456
57,749,pavan,2345678
38,750,anil,2345678
30,751,ashok,54321
37,752,anil,3456
55,753,jay,34567
36,754,pavan,2345678
23,755,pavan,54321
27,756,ashok,8765432
47,757,anil,34567
44,758,anil,34567
38,759,ashok,3456
30,760,jay,765432134
24,761,anil,34567
58,762,akhil,56789
55,763,jay,3456
49,764,jay,23456
43,765,pavan,23456
34,766,anil,34567
50,767,pavan,34567
43,768,rajesh,765432134
35,769,akhil,3456
55,770,ashok,8765432
59,771,jay,765432134
24,772,jay,2345678
34,773,jay,3456
28,774,ashok,23456
46,775,jay,2345678
36,776,pavan,2345678
59,777,jay,23456
46,778,rajesh,34567
35,779,rajesh,3456
49,780,ashok,3456
46,781,anil,56789
46,782,ashok,34567
45,783,ashok,8765432
41,784,jay,34567
30,785,jay,34567
42,786,ashok,34567
46,787,anil,765432134
56,788,ashok,56789
30,789,pavan,3456
23,790,akhil,34567
25,791,akhil,765432134
45,792,pavan,54321
23,793,pavan,765432134
31,794,pavan,23456
24,795,pavan,765432134
46,796,ashok,34567
39,797,ashok,23456
35,798,ashok,3456
58,799,ashok,56789
39,800,ashok,8765432
30,801,jay,8765432
25,802,pavan,34567
44,803,ashok,3456
51,804,anil,34567
27,805,ashok,3456
44,806,pavan,3456
56,807,jay,2345678
24,808,ashok,23456
27,809,jay,54321
49,810,rajesh,765432134
58,811,jay,34567
36,812,ashok,3456
25,813,jay,34567
42,814,jay,3456
25,815,rajesh,54321
33,816,akhil,34567
34,817,rajesh,123456
55,818,anil,123456
42,819,rajesh,23456
50,820,jay,2345678
49,821,jay,3456
38,822,ashok,765432134
33,823,anil,54321
23,824,anil,8765432
59,825,rajesh,56789
32,826,akhil,8765432
23,827,pavan,8765432
30,828,akhil,54321
24,829,akhil,56789
31,830,ashok,23456
33,831,anil,34567
25,832,ashok,34567
27,833,jay,34567
25,834,jay,56789
45,835,jay,56789
41,836,ashok,23456
49,837,anil,3456
24,838,anil,34567
49,839,ashok,54321
34,840,rajesh,23456
31,841,akhil,34567
50,842,jay,56789
45,843,akhil,3456
49,844,jay,8765432
52,845,rajesh,56789
43,846,akhil,23456
56,847,jay,23456
46,848,rajesh,8765432
36,849,akhil,3456
56,850,ashok,123456
37,851,rajesh,23456
44,852,pavan,3456
48,853,rajesh,23456
34,854,jay,765432134
31,855,pavan,34567
49,856,jay,2345678
57,857,ashok,23456
54,858,pavan,56789
55,859,jay,34567
36,860,pavan,23456
46,861,pavan,3456
25,862,rajesh,8765432
40,863,pavan,8765432
31,864,rajesh,56789
58,865,rajesh,54321
41,866,rajesh,3456
34,867,ashok,2345678
59,868,anil,2345678
42,869,rajesh,34567
59,870,rajesh,34567
36,871,jay,765432134
48,872,rajesh,3456
56,873,ashok,123456
40,874,ashok,3456
54,875,jay,56789
35,876,anil,54321
29,877,pavan,8765432
29,878,rajesh,8765432
50,879,ashok,3456
58,880,pavan,2345678
58,881,anil,23456
36,882,rajesh,123456
59,883,rajesh,3456
29,884,ashok,34567
31,885,jay,765432134
51,886,anil,2345678
59,887,akhil,54321
28,888,pavan,34567
34,889,akhil,2345678
39,890,anil,34567
31,891,rajesh,34567
59,892,akhil,34567
24,893,ashok,34567
40,894,anil,123456
59,895,anil,765432134
52,896,jay,54321
35,897,pavan,8765432
36,898,anil,3456
43,899,anil,54321
28,900,ashok,23456
48,901,jay,34567
34,902,jay,34567
29,903,akhil,123456
25,904,anil,23456
52,905,jay,23456
49,906,pavan,54321
51,907,jay,23456
49,908,akhil,56789
54,909,anil,34567
55,910,jay,8765432
45,911,akhil,2345678
47,912,rajesh,8765432
46,913,pavan,2345678
55,914,jay,2345678
34,915,rajesh,54321
24,916,akhil,123456
25,917,rajesh,54321
34,918,akhil,3456
42,919,rajesh,54321
53,920,akhil,8765432
29,921,akhil,2345678
58,922,anil,765432134
33,923,pavan,765432134
32,924,ashok,2345678
50,925,pavan,3456
47,926,ashok,8765432
35,927,rajesh,3456
48,928,anil,3456
59,929,rajesh,2345678
36,930,rajesh,2345678
43,931,rajesh,56789
37,932,ashok,56789
45,933,pavan,34567
30,934,rajesh,2345678
23,935,jay,3456
25,936,jay,23456
27,937,akhil,34567
39,938,anil,123456
25,939,anil,56789
41,940,jay,34567
45,941,rajesh,23456
54,942,anil,765432134
58,943,ashok,54321
50,944,ashok,34567
48,945,akhil,8765432
24,946,ashok,2345678
42,947,pavan,2345678
34,948,pavan,56789
34,949,rajesh,8765432
59,950,rajesh,3456
35,951,jay,34567
55,952,ashok,56789
54,953,jay,23456
58,954,ashok,54321
26,955,rajesh,54321
43,956,pavan,3456
31,957,pavan,765432134
34,958,pavan,123456
45,959,ashok,56789
23,960,anil,34567
24,961,rajesh,56789
32,962,rajesh,34567
56,963,pavan,23456
40,964,ashok,56789
38,965,jay,34567
56,966,anil,3456
28,967,anil,2345678
28,968,jay,34567
49,969,akhil,54321
59,970,pavan,56789
41,971,pavan,54321
30,972,akhil,2345678
44,973,rajesh,8765432
50,974,jay,3456
39,975,pavan,123456
27,976,rajesh,54321
50,977,akhil,34567
56,978,pavan,123456
47,979,rajesh,123456
41,980,akhil,8765432
33,981,jay,34567
52,982,jay,34567
53,983,jay,54321
30,984,pavan,8765432
54,985,anil,8765432
52,986,ashok,765432134
46,987,pavan,8765432
41,988,anil,2345678
54,989,pavan,23456
32,990,jay,123456
36,991,ashok,3456
47,992,akhil,3456
42,993,rajesh,56789
43,994,rajesh,2345678
58,995,akhil,34567
46,996,pavan,2345678
46,997,ashok,23456
25,998,pavan,34567
55,999,jay,56789
